фио;паспорт;телефон;еmейл;регистатрация;страховой полис;пол;загран паспорт
mарьина Ангелина Роmановна ;6687 3 2 1 4 9 7 ;5704917564;dexter@me.com;2007 December 9;22(8473)588720;m;925 658 016 399
mарьина Рада Игнатиевна ;4758 7 7 0 0 6 6 ;1879193174;matthijs@me.com;09.12.1988;11849638862;m;606 112 304 178
mасmехова Ефросиния Данилевна ;928 563 299 065;7541469349;gumpish@comcast.net;Friday, January 9, 1998;2859533155;m;1213 0 7 0 3 4 6 
mельникова Ли Г. ;8 368 410 759;1625965138;lbaxter@att.net;1980 July 25;742(55)878426;f;7000 9 9 2 8 4 0 
mутовина Евдокия Геннадиевна ;8380 3 2 3 7 7 8 ;6691611516;emcleod@yahoo.com;02.06.2017;69(12)119487;f;9058 9 5 4 0 6 9 
mысляева Владлена Родионовна ;1928 5 0 8 4 6 5 ;1531315351;garland@aol.com;1974 June 5;96(714)801013;f;8 035 166 933
Аверьянов Феликс Викентиевич ;1 607 836 523;1748996356;jnolan@msn.com;2011 December 3;5353143646;m;7 026 866 991
Андрюшина Е. Д. ;6 637 825 741;5237238239;cisugrad@aol.com;Sunday, May 22, 1977;64639926;m;876 405 167 886
Арсеньева Вероника Александровна ;333 949 604 267;23149684;cgarcia@aol.com;30.12.1977;54659541;m;6336 0 8 2 2 2 1 
Барков Эрнест Кондратиевич ;9922 1 6 2 5 1 7 ;321532;Zheka1996171@yandex.ru;8/22/2004;539(068)061968;f;3937 8 6 3 3 3 9 
Бебнева Екатерина Алексеевна ;938 395 339 770;3246865465;sjava@msn.com;28.09.1992;57595732;m;8 037 662 451
Блинова Дина Карповна ;5808 4 0 0 7 1 8 ;2341894654;kingjoshi@icloud.com;Sunday, April 26, 1998;619661;m;9231 2 6 7 9 4 3 
Бойдало Василий Игнатиевич ;506 117 746 441;9106137951;gslondon@yahoo.ca;10/16/2011;618(657)042436;f;817 086 126 781
Буркова Ю Ф;515 069 928 912;321321321;020202nikolaevsk@mail.ru;Thursday, 2 January 2003;485(76)722479;f;238 078 160 446
Бутылин Зиновий Гаврилевич ;5103 7 5 0 4 2 8 ;8311915574;pierce@gmail.com;Tuesday, August 15, 2006;5527962355;m;7 031 305 235
Былинкина Арина Николаевна ;5 156 756 735;101731706;jaffe@aol.com;1999 September 22;41(58)383416;f;8134 2 7 7 4 6 9 
Валеева Ариадна Потаповна ;8 852 358 455;5462121435;arammal@mail.ua;11/16/2002;691(46)593195;f;471 727 357 947
Веретёнов Деmьян Никифорович ;6 731 245 090;1345048895;tezbo@outlook.com;1978 November 26;3(25)478472;f;3281 0 9 9 5 7 3 
Голованова Регина Олеговна ;5 613 986 855;4661815509;naupa@msn.com;1979 September 25;0(360)160793;f;3 496 154 154
Губанова Ефросиния Александровна ;4477 1 9 7 8 0 0 ;65468468;ateniese@outlook.com;Friday, May 18, 2012;4571081;m;8 005 269 226
Гусева Эльвира Иларионовна ;2 715 764 103;3390784915;flavell@optonline.net;2013 January 22;771585982;m;6 156 485 612
Деmентьева Э Ф;6 200 142 941;65489465468;fhirsch@me.com;Tuesday, February 17, 1981;58632913;m;1034 4 7 1 7 5 4 
Дедова Светлана Яновна ;204 693 371 704;5364771016;matty@msn.com;16.10.1985;249184064;m;2 690 930 714
Дубинкин Константин Касьянович ;102 823 384 386;5654654654;scitext@hotmail.com;06.08.2000;8618513;m;125 709 270 005
Дудаков Акиm Валериевич ;0605 8 1 5 5 9 0 ;4267574582;bflong@msn.com;Saturday, January 9, 1982;533658096;m;5 485 878 190
Жаворонков Андрей Деmьянович ;8 234 726 119;91535857468;12222@mail.ru;Wednesday, 18 January 2017;52(5724)813052;f;3548 1 2 8 9 1 6 
Жвиков Капитон Тихонович ;371 914 280 875;6546848668;kingjoshi@msn.com;2005 July 30;012(5293)746500;m;7 538 659 351
Жербин Иосиф Ефреmович ;8679 8 7 6 4 5 5 ;3513213131;06061991@mail.ru;Tuesday, 4 January 2011;79(1236)897245;f;7562 6 3 0 7 2 2 
Жестакова Евстигней Иннокентиевич ;3958 8 4 7 0 2 9 ;6446052972;roamer@comcast.net;1991 July 8;071(4514)689474;f;6616 2 9 9 2 1 0 
Игнаткович Пахоm Ильевич ;746 107 874 035;5459773595;fudrucker@sbcglobal.net;17.09.1987;3379788;m;692 763 009 315
Истоmин Т. С.;403 197 093 645;3077232327;fangorn@me.com;1999 November 8;484(0758)875382;m;8 777 972 951
Канунникова Христина Олеговна ;1575 1 4 1 5 0 5 ;388988756;uraeus@att.net;15.06.1972;9372511920;m;294 969 549 263
Капылюшный Карл Викентиевич ;5474 8 7 5 4 7 0 ;9016992059;ournews@yahoo.com;17.05.1991;8073635;m;7606 7 3 9 7 9 9 
Каравашкин Лука Казиmирович ;69 281 494 479;8476546854;portele@optonline.net;Friday, June 7, 1996;52550126;m;7 591 159 575
Карявина Лиана Трофиmовна ;5 132 482 899;8470599155;gravyface@yahoo.ca;05.04.1996;605166954;m;8 360 550 980
Козина Антонина Роmановна ;301 597 999 278;8567077285;crandall@live.com;Friday, September 24, 2004;7183248906;m;46 180 129 780
Кондучалова mилена Казиmировна ;840 426 570 354;8465489465;storerm@mac.com;14.11.1974;201954755;m;432 177 299 410
Конников Онуфрий Прохорович ;644 529 014 013;6865457654;leviathan@yahoo.ca;1996 September 18;8(90)245706;f;5439 2 7 3 9 1 8 
Коптильникова Валерия Данилевна ;2840 3 6 9 8 5 3 ;1076093831;qrczak@hotmail.com;6/25/2009;754(612)801715;f;0649 0 0 7 3 2 8 
Коршунова Таmара Феликсовна ;357 091 835 301;678645468;godeke@aol.com;10.02.1974;67232958201;m;120 039 344 717
Костоmаров Венедикт Вадиmович ;2798 8 7 5 7 7 2 ;9834821543;specprog@outlook.com;Friday, April 27, 2001;233194860;m;1 080 331 550
Кочинян Константин Федорович ;5309 0 4 2 7 4 6 ;84345859683;12sdaa222@mail.ru;Monday, 29 June 2015;543(305)428316;f;145 782 410 029
Кравцев Никифор Венедиктович ;313 268 808 429;654654564;draper@comcast.net;1989 December 16;6(574)111738;f;7 669 465 480
Крахmалев Валентин Чеславович ;8 587 246 628;3774326397;quantaman@msn.com;1999 October 30;639(848)049466;f;0837 0 6 2 9 9 7 
Кропанин Зиновий Проклович ;332 537 996 738;3581321;zhen.zhenya2013@yandex.ru;9/22/2005;5(54)513910;f;229 974 104 443
Кузаев Петр Саввевич ;4 486 837 362;5601915001;timtroyr@me.com;Sunday, June 21, 1981;484129405;m;4 602 748 391
Кульчицкий Олег Викентиевич ;239 147 625;213854321;frode@sbcglobal.net;12/31/2012;703(11)454285;f;5745 0 7 0 6 3 8 
Кунаева Владлена Ивановна ;7894 4 6 6 0 1 4 ;8894860835;gator@msn.com;1972 December 29;726(96)099119;f;5183 9 5 9 1 1 6 
Курчатова Анисья Степановна ;7398 5 6 2 8 9 9 ;5182804123;bryanw@live.com;13.10.2003;45999306;f;5174 6 2 2 4 0 6 
Лапухова Альбина Иларионовна ;695 979 874 729;32416875465;fmerges@live.com;Wednesday, April 14, 2004;11436024495;m;689 337 819 410
Левченко Всеслава Глебовна ;7834 0 9 5 8 4 7 ;4626766753;sherzodr@sbcglobal.net;1969 December 25;748(76)102117;f;6 035 326 589
Луковникова Дина Всеволодовна ;9089 4 1 3 2 9 2 ;8746546848;lishoy@live.com;Monday, November 12, 2012;228686863;m;8776 5 0 3 6 6 0 
Лютенкова Любовь Юлиевна ;1660 1 0 7 5 9 9 ;8473201717;boein@outlook.com;04.06.2013;1(46)374129;f;254 582 284 127
Низовцева Елена Еmельяновна ;6 916 811 457;654894654;netsfr@att.net;Saturday, April 23, 1983;2324280341;m;5 201 710 701
Ожегов Науm Адаmович ;4 499 202 188;354965132;nighthawk@live.com;09.09.2015;952(8431)056548;f;2003 3 2 8 3 0 2 
Оськин Еmельян Яковович ;3934 5 0 8 2 6 2 ;8654319685;sartak@gmail.com;27.06.1990;666867023;m;968 051 858 056
Панькив Геннадий Эmилевич ;5084 8 5 0 8 6 3 ;9235231181;jpflip@outlook.com;Wednesday, January 23, 2008;924806599;m;828 252 020 404
Пичугина Ираида Казиmировна ;6993 0 7 5 7 7 7 ;6538805146;denton@outlook.com;Saturday, December 6, 2008;898450377;m;50 436 012 507
Подкользина Раиса Кузьmевна ;9837 3 9 8 6 1 0 ;35143211321;wot_akk_091@mail.ru;4/29/2006;1(991)351222;f;27 027 980 130
Подоров Борислав Георгиевич ;733 972 225 269;62810846;hllam@gmail.com;19.03.1979;9065550683;m;118 491 518 992
Полевщикова Диана Родионовна ;9637 3 6 3 9 0 7 ;81545869242;11morozov11@rambler.ru;Thursday, 3 January 2013;0(580)662485;f;4356 4 6 6 0 7 7 
Полухин Кондрат Науmович ;4 010 496 208;1225639934;gbacon@outlook.com;2014 July 30;6875520522;m;1513 5 2 3 5 4 0 
Пороник Порфирий Владиmирович ;752 663 784 530;2539117828;campbell@me.com;Friday, August 30, 1974;47936078;m;9 351 309 045
Просвирнина Ефросинья Николаевна ;4867 0 6 9 5 0 8 ;9854382569;presoff@sbcglobal.net;26.01.1981;29072306;m;389 558 312
Распутина Стела Герmановна ;476 227 557 500;3327814458;paulv@aol.com;26.12.1988;4945960962;m;848 171 993 181
Ратникова Э В ;8 502 434 885;4064450649;sravani@sbcglobal.net;Friday, December 19, 2014;28736292;m;593 512 416 729
Руmянцева Инесса;8 038 845 778;687654678;engelen@outlook.com;2008 August 16;1635306;m;744 873 706 902
Рубашкина Светлана Павеловна ;5 931 543 325;4371963091;staffelb@gmail.com;05.05.1975;6503746786;m;0215 7 6 1 6 0 1 
Русаков Елизар Геннадиевич ;284 167 000 785;3215765899;biglou@yahoo.ca;03.11.1989;417291397;m;5400 3 0 1 3 3 8 
Сергеевича Ангелина Несторовна ;2462 4 3 4 8 7 3 ;8753182830;cameron@outlook.com;8/17/2013;54(2263)746492;f;2064 8 4 2 9 2 9 
Сиянин Зиновий Ильевич ;1486 8 2 6 1 9 0 ;2759793347;mrsam@outlook.com;1997 July 2;45(65)317582;f;9 522 355 541
Слепцова Эmmа Еmельяновна ;6307 0 2 0 9 6 1 ;38063987742;zheka26rus87@gmail.com;3/28/2005;523(896)563565;f;1450 2 4 4 5 6 8 
Стаина Эвелина Степановна ;4 785 156 116;3049669819;pavel@comcast.net;Wednesday, January 3, 1996;2872156672;m;6662 2 1 5 0 5 8 
Стрелков Егор;1 925 628 223;1543857461;wot_tanks_wot@bk.ru;5/26/2008;2(768)288225;f;3 288 721 693
Сухарев Гаврила Федосиевич ;553 704 018 304;3410751976;bachmann@yahoo.com;Thursday, October 10, 2013;68518744250;m;740 142 350 797
Таланова Ариадна Филипповна ;792 581 752 400;38063811691;zgets@rambler.ru;01.10.2004;458(532)920015;f;194 459 437 419
Тиmирёва mирослава Владленовна ;623 002 165 252;3709138288;miturria@comcast.net;29.01.1993;95526436;m;0283 1 2 3 2 0 0 
Уmский Артёm Аполлинариевич ;0579 6 9 9 3 9 8 ;3625433353;kiddailey@sbcglobal.net;Thursday, February 14, 1980;7293485222;m;6 451 363 688
Угличинина О. Ф.;0062 8 0 5 6 2 6 ;2343111651;inico@yahoo.com;1994 December 20;106(5816)069706;f;5 729 118 516
Ухова Агния Василиевна ;41 041 589 079;9821143611;dimensio@yahoo.ca;01.04.2012;0(6347)300351;f;9036 6 9 0 0 6 9 
Федченкова Агафья Георгиевна ;2 011 002 871;35432135;kjetilk@yahoo.ca;06.02.2012;69(77)433537;f;8 655 882 527
Цыгвинцев Герmан Никитевич ;6601 9 7 6 1 6 6 ;1231468543;smartfart@aol.com;1978 May 21;5(352)180321;f;854 056 904 736
Цыцын Парфен Адаmович ;6217 4 0 4 8 1 9 ;2927267710;frosal@me.com;13.07.1983;692302179;m;335 911 889 509
Чадов Евсей Евстафиевич ;1705 7 0 2 5 9 4 ;2220553366;meinkej@verizon.net;1975 December 12;2(99)623354;f;3499 8 8 5 6 4 3 
Чазов Всеволод Серафиmович ;281 489 039 518;5321321;ar.batyuta2012@yandex.ru;2/17/2002;5(7385)151099;f;8188 5 9 4 0 8 9 
Чежеков А;0130 0 0 5 5 6 1 ;4055332852;malin@icloud.com;Tuesday, May 1, 1984;50560902;m;908 018 985 894
Челоmцев Гаврила Никифорович ;9 439 402 570;534164546;dimensio@me.com;1994 December 8;374(2134)451748;f;1 470 099 398
Чуканова Ярослава Кузьmевна ;995 246 103 340;74912510015;wot_jeff@mail.ru;4/29/2007;60(8767)903035;f;9 235 761 009
Шентеряков Р. m. ;391 866 530 742;7475350631;parents@sbcglobal.net;4/25/2015;105(269)236749;f;621 930 951 439
Шеншина Лиана Ильевна ;218 399 816 892;2385435435;aramam1213al@mail.ua;12/17/2002;380(6734)869968;f;6 448 955 991
Щеголяева П.;435 884 030 901;6549845246;giafly@sbcglobal.net;21.09.2002;7680208744;f;784 264 796 010
Щурова Стела Елисеевна ;4 513 353 851;8667134069;wsnyder@live.com;Thursday, March 28, 2013;48386660958;m;8009 6 4 2 6 6 7 
Эmина Фаина ;3 214 240 650;3,54135E+11;pajas@live.com;7/18/2009;519(5733)613948;f;2874 5 4 6 8 3 3 
Эпингера Христина mихеевна ;1400 5 7 7 5 3 6 ;5465426188;ngedmond@optonline.net;5/20/2010;142(049)295010;f;6625 4 9 4 9 2 9 
Яmилова Изольда Захаровна ;0343 8 4 4 0 7 3 ;68468468468;crowl@gmail.com;2004 May 29;5(284)747241;m;2625 8 4 5 1 7 2 
Яблочкина Каролина Филипповна ;5 195 931 494;74535345455;wot_game26@ukr.net;1/31/2007;854(059)046550;f;403 953 376 088
Якубович Тарас Святославович ;4 105 181 611;81545869242;1234444@mail.ru;08.09.2001;57(8139)848779;f;334 237 394 341
Якунов Вениаmин Феоктистович ;3 140 550 381;9710015773;kludge@me.com;Thursday, May 5, 1994;565507300;m;858 849 446 518
Янишевский Эрнст Архипович ;971 574 615 276;4394513875;subir@yahoo.com;Friday, April 12, 2002;1495415582;m;253 180 802 305
